<?xml version="1.0" encoding="utf-8"?>
<nrml xmlns:gml="http://www.opengis.net/gml" xmlns="http://openquake.org/xmlns/nrml/0.4">
    <singlePlaneRupture>
        <magnitude>5.1</magnitude>
        <rake>100</rake>
        <hypocenter lat="86.7835" lon="27.132" depth="10"/>
        <planarSurface strike="0" dip="90">
            <topLeft lon="27.13200" lat="86.76798" depth="8.48654"/>
            <topRight lon="27.13200" lat="86.79902" depth="8.48654"/>
            <bottomLeft lon="27.13200" lat="86.76798" depth="11.51346"/>
            <bottomRight lon="27.13200" lat="86.79902" depth="11.51346"/>
        </planarSurface>
    </singlePlaneRupture>
</nrml>
