<?xml version='1.0' encoding='utf-8'?>
<nrml xmlns:gml='http://www.opengis.net/gml'
      xmlns='http://openquake.org/xmlns/nrml/0.5'>

<logicTree logicTreeID='lt1'>
  <logicTreeBranchingLevel branchingLevelID='bl1'>
    <logicTreeBranchSet uncertaintyType='gmpeModel'
                        branchSetID='bs1' 
                        applyToTectonicRegionType='Active Shallow Crust'>
      <logicTreeBranch branchID='b0'>
        <uncertaintyModel>CampbellBozorgnia2014</uncertaintyModel>
        <uncertaintyWeight>1.000</uncertaintyWeight>
      </logicTreeBranch>
    </logicTreeBranchSet>
  </logicTreeBranchingLevel>
</logicTree>
</nrml>
